TFN,NEO-RFTS-NQMS01,10.32.30.55,Version 15.0(2)SE7
TFN,C11401-9300D-01,10.32.250.12,Version 16.12.03a
TFN,C11401-9300D-01,10.32.250.12,Version 16.12.03a
TFN,C11401-Router,10.32.10.107,Version 12.2(15)T5
TFN,C11401-2621D-01,10.32.10.250, Version 12.0(4)T
TFN,C11401-3925D-01,10.32.250.10,Version 15.2(4)M6a
TFN,C11401-3925D-02,10.32.250.11,Version 15.2(4)M6a
TFN,C11401-3550D-01,10.32.31.84,Version 12.2(25)SEC2
TFN,C11401-2960D-01,10.32.10.249,Version 12.2(58)SE2
TFN,C11401-2960D-02,10.32.10.248,Version 12.2(58)SE2
TFN,C11401-3750D-02,10.32.31.108,Version 12.2(25)SEC2
TFN,C11401-2960D-03,10.32.10.247,Version 12.2(58)SE2
TFN,C11401-2960D-04,10.32.10.246,Version 12.2(58)SE2
TFN,C11401-2960D-05,10.32.10.245,Version 12.2(58)SE2
TFN,C11401-2960D-06,10.32.10.244,Version 12.2(58)SE2
TFN,C11401-2960D-07,10.32.10.241,Version 12.2(58)SE2
TFN,C11401-2960D-08,10.32.10.243,Version 12.2(58)SE2
TFN,C11401-2960D-09,10.32.10.242,Version 12.2(58)SE2
TFN,C11401-2950D-09,10.32.31.249,Version 12.1(20)EA1a
TFN,C11401-2960D-10,10.32.31.92,Version 12.2(58)SE2
TFN,C11401-2960D-11,10.32.3.245,Version 12.2(58)SE2
TFN,C11401-3550D-11,10.32.8.40,Version 12.1(22)EA3
TFN,C11401-3550D-12,10.32.8.41,Version 12.1(22)EA3
TFN,C11401-2960D-12,10.32.3.244,Version 12.2(35)SE5
TFN,C11401-2960D-13,10.32.10.224,Version 12.2(58)SE2
TFN,C11401-2960D-15,10.32.30.250,Version 12.2(55)SE3
TFN,C11401-2960D-16,10.32.31.248,Version 12.2(44)SE6
TFN,C11401-2960D-17,10.32.31.247,Version 12.2(58)SE2
TFN,CO11401-EXMS-C3560-01,10.32.31.131,Version 15.0(2)SE4
TFN,A11401-3845D-01,10.32.255.34,Version 12.3(14)T7
TFN,A11401-3662D-02,10.32.250.15,Version 12.2(46a)
TFN,A11401-4321D-01,10.32.18.190,Version 15.5(3)S4b
TFN,A11401-4321D-02,10.32.18.194,Version 15.5(3)S4b
TFN,A11401-2924D-01,10.32.12.253,Version 12.0(5.3)WC(1)
TFN,A11401-2960D-02,10.32.12.252,Version 12.2(53r)SE
TFN,S32001-2610S-01,10.32.22.251,Version 12.2(46a)
TFN,S32001-4321D-01,10.32.22.254,Version 15.5(3)S4b
TFN,S32001-4321D-02,10.32.89.250,Version 15.5(3)S4b
TFN,S32001-2651D-01,10.32.22.240,Version 12.2(46a)
TFN,S32001-2950D-01,10.32.22.253,Version 12.1(22)EA13
TFN,S32001-2960D-01,10.32.22.243,Version 12.2(58)SE2
TFN,S32001-2960D-02,10.32.22.250,Version 12.2(58)SE2
TFN,S32001-2960D-03,10.32.22.248,Version 12.2(44)SE6
TFN,S32001-2960D-04,10.32.22.242,Version 12.2(44)SE6
TFN,S32001-2960D-05,10.32.22.244,Version 12.2(58)SE2
TFN,S32001-2960D-06,10.32.22.245,Version 12.2(58)SE2
TFN,S32001-2960D-07,10.32.22.246,Version 12.2(58)SE2
TFN,S32001-2960D-08,10.32.22.247,Version 12.2(44)SE6
TFN,S32001-2960D-09,10.32.22.249,Version 12.2(58)SE2
TFN,S32001-2960D-10,10.32.22.252,Version 12.2(58)SE2
TFN,S32001-2960D-11,10.32.22.241,Version 12.2(55)SE7
TFN,A30005-3662D-01,10.32.250.17,Version 12.2(46a)
TFN,A30005-2924D-01,10.32.20.253,Version 12.0(5)WC17
TFN,A30005-2960D-02,10.32.20.249,Version 12.2(44)SE6
TFN,A30005-2960D-03,10.32.20.252,Version 12.2(58)SE2
TFN,A30005-2960D-04,10.32.20.250,Version 12.2(58)SE2
TFN,A30005-2960D-05,10.32.20.248,Version 12.2(58)SE2
TFN,A10001-4321D-01,10.32.18.150,Version 15.5(3)S4b
TFN,A10001-4321D-02,10.32.18.154,Version 15.5(3)S4b
TFN,A10001-2924D-01,10.0.12.253,Version 12.0(5.2)XU
TFN,H11005-4321D-01,10.0.13.190,Version 15.5(3)S4b
TFN,H11005-2960D-01,10.0.13.189,Version 12.2(55)SE7
TFN,A10608-2960D-01,10.0.6.253,Version 12.2(55)SE7
TFN,A11501-4321D-01,10.32.255.38    ,Version 15.5(3)S4b
TFN,A11501-2924D-01,10.32.14.253,Version 12.0(5.2)XU
TFN,A25103-4321D-01,10.32.26.254,Version 15.5(3)S4b
TFN,H11001-4321D-01,10.32.18.142,Version 15.5(3)S4b
TFN,H11001-4321D-02,10.32.18.146,Version 15.5(3)S4b
TFN,H11001-2924D-01,10.0.7.61,Version 12.0(5.2)XU
TFN,H11102-4321D-01,10.32.17.30,Version 15.5(3)S4b
TFN,H11102-4321D-02,NA,Version 15.5(3)S4b
TFN,H11102-2924D-01,10.32.17.29,Version 12.0(5.2)XU
TFN,S26002-4321D-01,10.0.17.94,Version 15.5(3)S4b
TFN,S26002-4321D-02,10.32.18.114,Version 15.5(3)S4b
TFN,S26002-2960D-01,10.0.17.93,Version 12.2(46)SE
TFN,B114517-1941D-01,10.32.13.225,Version 15.1(2)T5
TFN,B114517-2960D-01,10.32.13.221,Version 12.2(55)SE7
TFN,B115092-1941D-01,10.32.15.190,Version 15.1(2)T5
TFN,B115092-2960D-01,10.32.15.189,Version 12.2(25)SEE3
TFN,B325003-2960D-01,10.32.22.219,Version 12.2(58)SE2
TFN,H10003-4321D-01,10.0.13.30,Version 15.5(3)S4b
TFN,H10003-2924D-01,10.0.13.29,Version 12.0(5.2)XU
TFN,H10004-4321D-01,10.0.13.14,Version 15.5(3)S4b
TFN,H10004-2950D-01,10.0.13.13,Version 12.1(22)EA4
TFN,H10301-4321D-01,10.32.17.14,Version 15.5(3)S4b
TFN,H10301-2924D-01,10.32.17.13,Version 12.0(5)WC17
TFN,H10303-4321D-01,10.32.19.14,Version 15.5(3)S4b
TFN,H10303-2924D-01,10.32.19.13,Version 12.0(5.2)XU
TFN,H10402-4321D-01,10.32.19.46,Version 15.5(3)S4b
TFN,H10402-4321D-02,10.32.18.162,Version 15.5(3)S4b
TFN,H10402-2924D-01,10.32.19.45,Version 12.0(5.2)XU
TFN,H10403-4321D-01,10.32.19.110,Version 15.5(3)S4b
TFN,H10403-2924D-01,10.32.19.109,Version 12.0(5.3)WC(1)
TFN,H10405-4321D-01,10.32.19.78,Version 15.5(3)S4b
TFN,H10405-2924D-01,10.32.19.77,Version 12.0(5.2)XU
TFN,H10406-4321D-01,10.32.19.94,Version 15.5(3)S4b
TFN,H10406-2924D-01,10.32.19.93,Version 12.0(5.2)XU
TFN,H10502-4321D-01,10.32.13.30,Version 15.5(3)S4b
TFN,H10502-2924D-01,10.32.13.29,Version 12.0(5.2)XU
TFN,H10504-4321D-01,10.32.13.62,Version 15.5(3)S4b
TFN,H10504-4321D-02,10.32.18.130,Version 15.5(3)S4b
TFN,H10504-2924D-01,10.32.13.61,Version 12.0(5.2)XU
TFN,H10601-4321D-01,10.0.7.110,Version 15.5(3)S4b
TFN,H10601-2924D-01,10.0.7.109,Version 12.0(5.2)XU
TFN,H10603-4321D-01,10.32.18.134,Version 15.5(3)S4b
TFN,H10603-4321D-02,10.32.18.138,Version 15.5(3)S4b
TFN,H10603-2924D-01,10.0.7.29,Version 12.0(5.2)XU
TFN,H10604-4321D-01,10.0.7.46,Version 15.5(3)S4b
TFN,H10604-2950D-01,10.0.7.45,Version 12.1(19)EA1c
TFN,H10606-4321D-01,10.0.13.62,Version 15.5(3)S4b
TFN,H10606-2924D-01,10.0.13.61,Version 12.0(5.2)XU
TFN,H10803-4321D-01,10.0.13.110,Version 15.5(3)S4b
TFN,H10803-2924D-01,10.0.13.109,Version 12.0(5.3)WC(1)
TFN,H10805-4321D-01,10.0.13.94,Version 15.5(3)S4b
TFN,H10805-2924D-01,10.0.13.93,Version 12.0(5.3)WC(1)
TFN,H11002-4321D-01,10.0.7.78,Version 15.5(3)S4b
TFN,H11002-2924D-01,10.0.7.77,Version 12.0(5.2)XU
TFN,H11105-4321D-01,10.32.17.78,Version 15.5(3)S4b
TFN,H11105-2960D-01,10.32.17.93,Version 12.2(58)SE2
TFN,H11202-4321D-01,10.32.17.62,Version 15.5(3)S4b
TFN,H11202-2924D-01,10.32.17.61,Version 12.0(5.3)WC(1)
TFN,H11402-4321D-01,10.32.13.78,Version 15.5(3)S4b
TFN,H11402-2924D-01,10.32.13.77,Version 12.0(5.2)XU
TFN,H11403-4321D-01,10.32.13.94,Version 15.5(3)S4b
TFN,H11403-2924D-01,10.32.13.93,Version 12.0(5.2)XU
TFN,H11410-4321D-01,10.32.13.174,Version 15.5(3)S4b
TFN,H11410-2950D-01,10.32.13.173,Version 12.1(22)EA6
TFN,H11601-4321D-01,10.0.9.62,Version 15.5(3)S4b
TFN,H11601-2924D-01,10.0.9.61,Version 12.0(5.3)WC(1)
TFN,H11603-4321D-01,10.0.9.94,Version 15.5(3)S4b
TFN,H11603-2924D-01,10.0.9.93,Version 12.0(5.3)WC(1)
TFN,H20002-4321D-01,10.32.15.78,Version 15.5(3)S4b
TFN,H20002-2950D-01,10.32.15.66,Version 12.1(22)EA13
TFN,H20002-2960D-02,10.32.15.77,Version 12.2(58)SE2
TFN,H20402-2620D-01,10.32.15.30,Version 12.1(5)T12
TFN,H20402-2960D-01,10.32.15.29,Version 12.2(25)SEE2
TFN,H20803-1941D-01,10.32.19.190,Version 15.1(2)T5
TFN,H20803-2960D-01,10.32.19.189,Version 12.2(55)SE7
TFN,H20902-1941D-01,10.32.17.158,Version 15.1(2)T5
TFN,H20902-2960D-01,10.32.17.157,Version 12.2(55)SE7
TFN,H22102-4321D-01,10.32.15.46,Version 15.5(3)S4b  
TFN,H22102-4321D-02,10.32.18.122,Version 15.5(3)S4b
TFN,H22102-2924D-01,10.32.15.45,Version 12.0(5.3)WC(1)
TFN,H22103-4321D-01,10.32.15.62,Version 15.5(3)S4b  
TFN,H22103-2924D-01,10.32.15.61,Version 12.0(5.3)WC(1)
TFN,H26501-4321D-01,10.0.17.46,Version 15.5(3)S4b
TFN,H26501-2924D-01,10.0.17.45,Version 12.0(5)WC17
TFN,H30001-4321D-01,10.32.21.14,Version 15.5(3)S4b
TFN,H30001-2924D-01,10.32.21.13,Version 12.0(5.2)XU
TFN,H30007-4321D-01,10.32.21.206,Version 15.5(3)S4b
TFN,H30007-2960D-01,10.32.21.205,Version 12.2(44)SE6
TFN,H30009-4321D-01,10.32.27.62,Version 15.5(3)S4b
TFN,H30009-2960D-01,10.32.27.61,Version 12.2(35)SE5
TFN,H30010-1941D-01,10.32.27.126,Version 15.1(2)T5
TFN,H30010-2924D-01,10.32.27.125,Version 12.0(5.2)XU
TFN,H30010-2960D-02,10.32.27.124,Version 12.2(58)SE2
TFN,H30201-4321D-01,10.32.21.126,Version 15.5(3)S4b
TFN,H30201-2924D-01,10.32.21.125,Version 12.0(5.3)WC(1)
TFN,H30201-2960D-02,10.32.21.115,Version 12.2(58)SE2
TFN,H30401-1941D-01,10.32.27.94,Version 15.1(2)T5
TFN,H30401-2924D-01,10.32.27.93,Version 12.0(5.3)WC(1)
TFN,H30701-4321D-01,10.32.21.237,Version 15.5(3)S4b
TFN,H30701-2924D-01,10.32.27.29,Version 12.0(5.3)WC(1)
TFN,H32002-4321D-01,10.32.23.222,Version 15.5(3)S4b
TFN,H32002-2960D-01,10.32.23.221,Version 12.2(58)SE2
TFN,H32502-1941D-01,10.32.16.158,Version 15.1(2)T5
TFN,H32502-2924D-01,10.32.16.157,Version 12.0(5)WC17
TFN,H32401-4321D-01,10.32.16.94,Version 15.5(3)S4b
TFN,H32401-2924D-01,10.32.16.93,Version 12.0(5)WC17
TFN,H32601-4321D-01,10.32.23.142,Version 15.5(3)S4b
TFN,H32601-2960D-01,10.32.23.141,Version 12.2(44)SE6
TFN,H32801-1941D-01,10.32.16.126,Version 15.1(2)T5
TFN,H32801-2924D-01,10.32.16.125,Version 12.0(5)WC17
TFN,H33001-4321D-01,10.32.23.126,Version 15.5(3)S4b
TFN,H33001-2924D-01,10.32.23.125,Version 12.0(5.3)WC(1)
TFN,H33001-2924D-02,10.32.23.124,Version 12.0(5.3)WC(1)
TFN,H33004-4321D-01,10.32.23.30,Version 15.5(3)S4b
TFN,H33004-2924D-01,10.32.23.29,Version 12.0(5)WC17
TFN,H33005-1941D-01,10.32.16.62,Version 15.1(2)T5
TFN,H33005-3550D-01,10.32.16.61,Version 12.1(11)EA1
TFN,H33301-4321D-01,10.32.23.14,Version 15.5(3)S4b
TFN,H33301-2924D-01,10.32.23.13,Version 12.0(5.3)WC(1)
TFN,H33403-4321D-01,10.32.16.174,Version 15.5(3)S4b
TFN,H33403-2960D-01,10.32.16.173,Version 12.0(5)WC17
TFN,H33802-4321D-01,10.32.16.253,Version 15.5(3)S4b
TFN,H33802-2960D-01,10.32.16.29,Version 12.2(58)SE2
TFN,H30011-4321D-01,10.32.27.174,Version 15.5(3)S4b
TFN,H30011-2960D-01,10.32.27.173,Version 12.2(53)SE2
TFN,H31001-4321D-01,10.32.27.190,Version 15.5(3)S4b
TFN,H31001-2960D-01,10.32.27.189,Version 12.2(53)SE2
TFN,C23504-9300D-01,10.0.10.254,Version 16.12.03a
TFN,C23504-9300D-01,10.0.10.254,Version 16.12.03a
TFN,C23504-3925D-01,10.0.255.13,Version 15.2(4)M6a
TFN,C23504-3925D-02,10.0.1.252,Version 15.2(4)M6a
TFN,C23504-2610S-01,10.0.1.251,Version 12.2(46a)
TFN,C23504-2610S-02,10.0.1.145,Version 12.2(15)T5
TFN,C23504-3560D-01,10.0.1.202,Version 15.0(2)SE4
TFN,C23504-2960D-01,10.0.1.249,Version 12.2(58)SE2
TFN,C23504-2960D-02,10.0.1.248,Version 12.2(58)SE2
TFN,C23504-2960D-03,10.0.1.247,Version 12.2(58)SE2
TFN,C23504-2960D-04,10.0.1.246,Version 12.2(58)SE2
TFN,C23504-2960D-05,10.0.1.243,Version 12.2(58)SE2
TFN,C23504-2960D-06,10.0.1.244,Version 12.2(58)SE2
TFN,C23504-2960D-07,10.0.1.240,Version 12.2(58)SE2
TFN,C23504-2950D-08,10.0.8.250,Version 12.1(19)EA1a
TFN,C23504-2960D-09,10.0.1.236,Version 12.2(58)SE2
TFN,C23504-2960D-10,10.0.1.245,Version 12.2(58)SE2
TFN,C23504-2960D-11,10.0.1.233,Version 12.2(44)SE6
TFN,C23504-2960D-12,10.0.1.231,Version 12.2(44)SE6
TFN,C23504-3524D-13,10.0.8.1,Version 12.0(5)XU
TFN,C23504-3550D-14,10.0.8.2,Version 12.0(5)XU
TFN,C23504-2960D-13,10.0.8.249,Version 12.2(58)SE2
TFN,C23504-2960D-14,10.0.8.248,Version 12.2(53)SE2
TFN,A23504-4321D-01,10.0.250.150,Version 15.5(3)S4b
TFN,A23504-4321D-02,10.0.250.154,Version 15.5(3)S4b
TFN,A23504-2960D-01,10.0.2.253,Version 12.2(58)SE2
TFN,A23504-2960D-02,10.0.2.252,Version 12.2(44)SE6
TFN,A23504-2950D-03,10.0.2.249,Version 12.1(22)EA13
TFN,A23504-2960D-04,10.0.2.250,Version 12.2(58)SE2
TFN,A23504-2960D-05,10.0.2.251,Version 12.2(58)SE2
TFN,A23504-2960D-06,10.0.2.248,Version 12.2(58)SE2
TFN,A23504-3845D-01,10.0.3.218,Version 12.4(25g)
TFN,A24103-4321D-01,10.0.250.126 ,Version 15.5(3)S4b
TFN,A24103-4321D-02,10.0.250.130,Version 15.5(3)S4b
TFN,A24103-2924D-01,10.32.24.253,Version 12.0(5.3)WC(1)
TFN,A24103-2960D-02,10.32.24.252,Version 12.2(55)SE3
TFN,A24102-4321D-01,10.0.22.254,Version 15.5(3)S4b
TFN,A24102-4321D-02,10.0.11.242,Version 15.5(3)S4b
TFN,A24102-2960D-01,10.0.22.253,Version 12.2(58)SE2
TFN,A23501-4321D-01,10.0.250.4,Version 15.5(3)S4b
TFN,A23501-4321D-02,10.0.4.251,Version 15.5(3)S4b
TFN,A23501-2924D-01,10.0.4.253,Version 12.0(5.2)XU
TFN,A23103-4321D-01,10.0.9.174,Version 15.5(3)S4b
TFN,A23103-4321D-02,,Version 15.5(3)S4b
TFN,A23103-2960-01,10.0.9.176,Version 12.2(35)SE5
TFN,H22003-4321D-01,10.0.5.14,Version 15.5(3)S4b
TFN,H22003-2924D-01,10.0.5.13,Version 12.0(5.2)XU
TFN,H22004-4321D-01,10.0.5.78,Version 15.5(3)S4b
TFN,H22004-2924D-01,10.0.5.77,Version 12.0(5.3)WC(1)
TFN,H22008-4321D-01,10.0.5.94,Version 15.5(3)S4b
TFN,H22008-2950D-01,10.0.5.93,Version 12.1(22)EA4
TFN,H23103-4321D-01,10.0.9.14,Version 15.5(3)S4b
TFN,H23103-2950D-01,10.0.9.13,Version 12.1(20)EA2
TFN,H23104-4321D-01,10.0.9.110,Version 15.5(3)S4b
TFN,H23104-2924D-01,10.0.9.109,Version 12.0(5.3)WC(1)
TFN,TX22801-4321D-01,10.32.13.110,Version 15.5(3)S4b
TFN,H22801-2924D-01,10.32.13.109,Version 12.0(5.2)XU
TFN,H23201-4321D-01,10.0.3.206,Version 15.5(3)S4b
TFN,H23201-2924D-01,10.0.3.205,Version 12.0(5)WC17
TFN,H23502-4321D-01,10.0.5.241,Version 15.5(3)S4b
TFN,H23502-2924D-01,10.0.5.61,Version 12.0(5.2)XU
TFN,H23506-4321D-01,10.0.18.30,Version 15.5(3)S4b
TFN,H23506-3550D-01,10.0.18.29,Version 12.1(11)EA1
TFN,H23602-4321D-01,10.0.5.110,Version 15.5(3)S4b
TFN,H23602-2950D-01,10.0.5.107,Version 12.1(22)EA4
TFN,H23710-4321D-01,10.0.3.110,Version 15.5(3)S4b
TFN,H23701-2924D-01,10.0.3.109,Version 12.0(5.2)XU
TFN,H23802-4321D-01,10.0.3.94,Version 15.5(3)S4b
TFN,H23802-2960D-01,10.0.3.93,Version 12.2(58)SE2
TFN,H23901-4321D-01,10.0.3.126,Version 15.5(3)S4b
TFN,H23901-2960D-01,10.0.3.125,Version 12.2(58)SE2
TFN,H24102-4321D-01,10.32.25.30,Version 15.5(3)S4b
TFN,H24102-2924D-01,10.32.25.29,Version 12.0(5.2)XU
TFN,H24201-4321D-01,10.32.25.14,Version 15.5(3)S4b
TFN,H24201-2950D-01,10.32.25.13,Version 12.1(22)EA14
TFN,H24202-4321D-01,10.0.11.46,Version 15.5(3)S4b
TFN,H24202-2924D-01,10.0.11.45,Version 12.0(5.2)XU
TFN,H24203-4321D-01,10.0.11.62,Version 15.5(3)S4b
TFN,H24203-2924D-01,10.0.11.61,Version 12.0(5)WC17
TFN,H24402-1941D-01,10.0.11.190,Version 15.1(2)T5
TFN,H24402-2924D-01,10.0.11.189,Version 12.0(5.2)XU
TFN,H24802-4321D-01,10.32.25.242,Version 15.5(3)S4b
TFN,H24802-2950D-01,10.32.25.93,Version 12.1(22)EA13
TFN,H24802-2960D-02,10.32.25.92,Version 12.2(58)SE2
TFN,H25101-4321D-01,10.0.3.190,Version 15.5(3)S4b  
TFN,H25101-2960D-01,10.0.3.181,Version 12.2(58)SE2
TFN,TX97001-4321D-01,,
TFN,S97001-1941D-01,10.0.250.9,Version 15.2(4)M6
TFN,S97001-2924D-01,10.0.14.253,Version 12.0(5)WC17
TFN,S97001-2924D-02,10.0.14.252,Version 12.0(5)WC17
TFN,TX97002-4321D-01,10.0.15.78,Version 15.5(3)S4b
TFN,TX97002-3750D-01,10.0.15.77,Version 12.2(55)SE
TFN,TX26024-4321D-01,10.0.17.110,Version 15.5(3)S4b
TFN,TX26024-3750D-01,10.0.17.109,Version 12.2(25)SEE1
TFN,TX98101-4321D-01,10.0.15.62,Version 15.5(3)S4b
TFN,TX98101-C3550-01,10.0.15.61,Version 12.1(13)EA1c
TFN,C40804-9300D-01,10.64.0.250 ,Version 16.12.03a
TFN,C40804-9300D-01,10.64.0.250 ,Version 16.12.03a
TFN,C40804-3925D-01,10.64.250.1,Version 15.2(4)M6a
TFN,C40804-3925D-02,10.64.250.2,Version 15.2(4)M6a
TFN,C40804-2610S-01,10.64.0.251,Version 12.2(46a)
TFN,C40804-2960D-01,10.64.0.145,Version 12.2(58)SE2
TFN,C40804-2960D-02,10.64.0.249,Version 12.2(58)SE2
TFN,C40804-2960D-03,10.64.0.248,Version 12.2(58)SE2
TFN,C40804-2924D-04,10.64.0.246,Version 12.0(5)WC17
TFN,C40804-2960D-04,10.64.0.247,Version 12.2(58)SE2
TFN,C40804-2960D-05,10.64.0.241,Version 12.2(44)SE6
TFN,C40804-3550D-11,10.64.23.1,Version 12.2(25)SEE4
TFN,C40804-3550D-12,10.64.23.2,Version 12.2(25)SEE4
TFN,A40804-4321D-01,10.64.250.3,Version 15.5(3)S4b
TFN,A40804-2960D-01,10.64.2.253,Version 12.2(58)SE2
TFN,A40804-2960D-02,10.64.2.252,Version 12.2(58)SE2
TFN,A40804-2960D-03,10.64.2.251,Version 12.2(58)SE2
TFN,A40804-2960D-04,10.64.2.250,Version 12.2(58)SE2
TFN,A40804-2960D-05,10.64.2.249,Version 12.2(44)SE6
TFN,A40804-2960D-06,10.64.2.248,Version 12.2(58)SE2
TFN,A40403-4321D-01,10.64.255.26,Version 15.5(3)S4b
TFN,A40403-2924D-01,10.64.6.253,Version 12.0(5.2)XU
TFN,A40701-4321D-01,10.64.4.254,Version 15.5(3)S4b
TFN,A40701-2924D-01,10.64.4.253,Version 12.0(5.2)XU
TFN,A40703-4321D-01,10.64.250.110,Version 15.5(3)S4b
TFN,A40703-4321D-02,10.64.250.114,Version 15.5(3)S4b
TFN,A40703-2924D-01,10.64.3.45,Version 12.0(5.2)XU
TFN,A40703-2924D-02,10.64.3.44,Version 12.0(5.2)XU
TFN,A40703-2960D-03,10.64.3.157,Version 12.2(53)SE2
TFN,A40703-2960D-04,10.64.3.156,Version 12.2(53)SE2
TFN,TX35006-4321D-01,10.64.11.14,Version 15.5(3)S4b
TFN,TX35006-2924D-01,10.64.11.10,Version 12.0(5.3)WC(1)
TFN,B414004-4321D-01,10.64.14.254,Version 15.5(3)S4b
TFN,B414004-2924D-01,10.64.14.253,Version 12.0(5.2)XU
TFN,A54007-4321D-01,10.64.250.134,Version 15.5(3)S4b
TFN,A54007-4321D-02,10.64.250.138,Version 15.5(3)S4b
TFN,B540007-2960D-01,10.64.13.1,Version 12.2(44)SE6
TFN,H36601-4321D-01,10.64.11.62,Version 15.5(3)S4b
TFN,H36601-2924D-01,10.64.11.61,Version 12.0(5.2)XU
TFN,H40201-4321D-01,10.64.7.14,Version 15.5(3)S4b
TFN,H40201-2950D-01,10.64.7.13,Version 12.1(22)EA4
TFN,H40201-2960D-02,10.64.7.3,Version 12.2(58)SE2
TFN,H40202-4321D-01,10.64.3.78,Version 15.5(3)S4b
TFN,H40202-2924D-01,10.64.3.77,Version 12.0(5.3)WC(1)
TFN,H40301-4321D-01,10.64.7.30,Version 15.5(3)S4b
TFN,H40301-2924D-01,10.64.7.29,Version 12.0(5.2)XU
TFN,H40402-4321D-01,10.64.5.14,Version 15.5(3)S4b
TFN,H40402-2924D-01,10.64.5.13,Version 12.0(5.2)XU
TFN,H40601-4321D-01,10.64.5.30,Version 15.5(3)S4b
TFN,H40601-2924D-01,10.64.5.29,Version 12.0(5.2)XU
TFN,H40605-4321D-01,10.64.7.94,Version 15.5(3)S4b
TFN,H40605-2924D-01,10.64.7.93,Version 12.0(5.3)WC(1)
TFN,H40702-4321D-01,10.64.5.46,Version 15.5(3)S4b
TFN,H40702-2924D-01,10.64.5.45,Version 12.0(5.2)XU
TFN,H40802-4321D-01,10.64.3.94,Version 15.5(3)S4b
TFN,H40802-2924D-01,10.64.3.93,Version 12.0(5.3)WC(1)
TFN,H41101-4321D-01,10.64.7.158,Version 15.5(3)S4b
TFN,H41101-2960D-01,10.64.7.157,Version 12.2(58)SE
TFN,H41201-4321D-01,10.64.7.46,Version 15.5(3)S4b
TFN,H41201-C3524-01,10.64.7.45,Version 12.0(5)WC17
TFN,H42003-4321D-01,10.64.5.206,Version 15.5(3)S4b
TFN,H42003-2924D-01,10.64.5.205,Version 12.0(5.2)XU
TFN,H42006-1941D-01,10.64.19.158,Version 15.1(2)T5
TFN,H42006-2960D-01,10.64.19.157,Version 12.2(55)SE7
TFN,H42006-2960D-02,10.64.19.156,Version 12.2(55)SE7
TFN,H42101-1941D-01,10.64.19.222,Version 15.1(2)T5
TFN,H42101-2924D-01,10.64.19.221,Version 12.0(5.3)WC(1)
TFN,H42701-4321D-01,10.64.5.62,Version 15.5(3)S4b
TFN,H42701-2924D-01,10.64.5.61,Version 12.0(5.2)XU
TFN,H42801-4321D-01,10.64.19.30,Version 15.5(3)S4b
TFN,H42801-2924D-01,10.64.19.29,Version 12.0(5.2)XU
TFN,H43301-1941D-01,10.64.12.253,Version 15.1(2)T5
TFN,H43301-2960D-01,10.64.12.29,Version 12.2(58)SE2
TFN,H50002-4321D-01,10.64.7.78,Version 15.5(3)S4b
TFN,H50002-2960D-01,10.64.7.77,Version 12.2(44)SE6
TFN,H50005-4321D-01,10.64.77.190,Version 15.5(3)S4b
TFN,H50005-4321D-02,10.64.77.189,Version 15.5(3)S4b
TFN,H50005-2960D-01,10.64.77.161,Version 12.2(55)SE5
TFN,H50007-4321D-01,10.64.77.254,Version 15.5(3)S4b
TFN,H50007-2960D-01,10.64.77.253,Version 12.2(58)SE2
TFN,H50007-2960D-02,10.64.77.252,Version 12.2(58)SE2
TFN,H51001-4321D-01,10.64.9.30,Version 15.5(3)S4b
TFN,H51001-2950D-01,10.64.9.45,Version 12.1(22)EA4a
TFN,H52101-4321D-01,10.64.12.62,Version 15.5(3)S4b
TFN,H52101-2950D-01,10.64.12.61,Version 12.1(22)EA4a
TFN,H54501-4321D-01,10.64.17.254,Version 15.5(3)S4b
TFN,H54501-2924D-01,10.64.17.13,Version 12.0(5.3)WC(1)
TFN,H63201-4321D-01,10.64.18.254,Version 15.5(3)S4b
TFN,H63201-2924D-01,10.64.18.29,Version 12.0(5.3)WC(1)
TFN,H63203-4321D-01,10.64.7.62,Version 15.5(3)S4b
TFN,H63203-2950D-01,10.64.7.61,Version 12.1(22)EA1
TFN,S36001-4321D-01,10.64.250.102,Version 15.5(3)S4b
TFN,S36001-4321D-02,10.64.250.106,Version 15.5(3)S4b
TFN,S36001-2924D-01,10.64.10.253,Version 12.0(5)WC17
TFN,S36001-2924D-02,10.64.10.252,Version 12.0(5)WC17
TFN,S36001-2960D-03,10.64.10.250,Version 12.2(44)SE6
TFN,TX64001-4321D-01,10.64.250.142,Version 15.5(3)S4b
TFN,TX64001-4321D-02,10.64.250.146,Version 15.5(3)S4b
TFN,TX64001-2620D-01,10.64.250.10,Version 15.2(4)M6a
TFN,TX64001-2924D-01,10.64.15.125,Version 12.0(5.3)WC(1)
TFN,S70201-2610S-01,10.96.14.251,Version 12.2(46a)
TFN,S70202-4321D-01,10.96.2.110,Version 15.5(3)S4b
TFN,S70202-4321D-02,10.96.2.114,Version 15.5(3)S4b
TFN,S70201-2924D-01,10.96.14.253,Version 12.0(5.2)XU
TFN,S70201-2960D-02,10.96.14.250,Version 12.2(44)SE6
TFN,A70201-2960D-03,10.96.14.252,Version 12.2(58)SE2
TFN,S70201-2924D-04,10.96.14.247,Version 12.0(5.2)XU
TFN,C80603-9300D-01,10.96.9.254,Version 16.12.03a
TFN,C80603-9300D-01,10.96.9.254,Version 16.12.03a
TFN,C80603-2610S-01,10.96.0.251,Version 12.2(46a)
TFN,C80603-3925D-01,10.96.250.1,Version 15.2(4)M6a
TFN,C80603-3925D-02,10.96.250.2,Version 15.2(4)M6a
TFN,C80603-2960D-01,10.96.0.249,Version 12.2(58)SE2
TFN,C80603-2960D-02,10.96.0.248,Version 12.2(58)SE2
TFN,C80603-2960D-03,10.96.0.247,Version 12.2(58)SE2
TFN,C80603-2960D-04,10.96.0.246,Version 12.2(58)SE2
TFN,C80603-2960D-05,10.96.0.243,Version 12.2(58)SE2
TFN,C80603-2960D-06,10.96.0.245,Version 12.2(58)SE2
TFN,C80603-2960D-07,10.96.0.242,Version 12.2(58)SE2
TFN,C80603-2960D-08,10.96.0.236,Version 12.2(55)SE7
TFN,C80603-2950D-09,10.96.0.239,Version 12.1(22)EA4a
TFN,C80603-2950D-10,10.96.0.240,Version 12.1(22)EA4a
TFN,C80603-3550D-11,10.96.31.1,Version 12.1(13)EA1c
TFN,C80603-3560D-12,10.96.31.2,Version 12.2(25)SEE3
TFN,C80603-3524D-13,10.96.0.154,Version 12.0(5.2)XU
TFN,A80603-4321D-01,10.96.2.134,Version 15.5(3)S4b
TFN,A80603-4321D-02,10.96.2.138,Version 15.5(3)S4b
TFN,A80603-2924D-01,10.96.12.253,Version 12.0(5.2)XU
TFN,A83101-4321D-01,10.96.24.254,Version 15.5(3)S4b
TFN,A83101-4321D-02,10.96.24.252,Version 15.5(3)S4b
TFN,A83101-2950D-01,10.96.24.253,Version 12.1(22)EA4a
TFN,A80201-4321D-01,10.96.255.2,Version 15.5(3)S4b
TFN,A80201-4321D-02,10.96.2.252,Version 15.5(3)S4b
TFN,A80201-2924D-01,10.96.2.253,Version 12.0(5.2)XU
TFN,A80001-4321D-01,10.96.255.26,Version 15.5(3)S4b
TFN,A80001-4321D-02,10.96.10.252,Version 15.5(3)S4b
TFN,A80001-2924D-01,10.96.10.253,Version 12.0(5.2)XU
TFN,A80401-4321D-01,10.96.4.254,Version 15.5(3)S4b
TFN,A80401-4321D-02,10.96.4.252,Version 15.5(3)S4b
TFN,A80401-2924D-01,10.96.4.253,Version 12.0(5.2)XU
TFN,A81301-4321D-01,10.96.6.254,Version 15.5(3)S4b
TFN,A81301-4321D-02,10.96.6.252,Version 15.5(3)S4b
TFN,A81301-2924-01,10.96.6.253,Version 12.0(5)WC17
TFN,H83007-4321D-01,10.96.25.30,Version 15.5(3)S4b
TFN,H83007-2960D-01,10.96.25.29,Version 12.2(58)SE2
TFN,H83008-4321D-01,10.96.25.46,Version 15.5(3)S4b
TFN,H83008-2960D-01,10.96.25.45,Version 12.2(58)SE2
TFN,H60002-4321D-01,10.96.17.14,Version 15.5(3)S4b
TFN,H60002-2960D-01,10.96.17.13,Version 12.2(58)SE2
TFN,H60005-4321D-01,10.96.17.30,Version 15.5(3)S4b
TFN,H60005-3550D-01,10.96.17.29,Version 12.2(46)SE
TFN,H61302-4321D-01,10.96.17.242,Version 15.5(3)S4b
TFN,H61302-2924D-01,10.96.17.93,Version 12.0(5.3)WC(1)
TFN,H62101-1941D-01,10.96.17.126,Version 15.1(2)T5
TFN,H62101-2960D-01,10.96.17.125,Version 12.2(55)SE7
TFN,H70101-4321D-01,10.96.15.30,Version 15.5(3)S4b
TFN,H70101-2924D-01,10.96.15.29,Version 12.0(5.3)WC(1)
TFN,H70103-4321D-01,10.96.15.46,Version 15.5(3)S4b
TFN,H70103-2924D-01,10.96.15.45,Version 12.0(5.3)WC(1)
TFN,H70203-4321D-01,10.96.15.62,Version 15.5(3)S4b
TFN,H70203-2924D-01,10.96.15.61,Version 12.0(5.3)WC(1)
TFN,H70403-4321D-01,10.96.19.142,Version 15.5(3)S4b
TFN,H70403-2924D-01,10.96.19.141,Version 12.0(5.2)XU
TFN,H70901-4321D-01,10.96.15.190,Version 15.5(3)S4b
TFN,H70901-2960D-01,10.96.15.189,Version 12.2(35)SE5
TFN,H71002-4321D-01,10.96.15.94,Version 15.5(3)S4b
TFN,H71002-2950D-01,10.96.15.157,Version 12.1(22)EA4a
TFN,H71101-4321D-01,10.96.15.126,Version 15.5(3)S4b
TFN,H71101-2950D-01,10.96.15.125,Version 12.1(22)EA4a
TFN,H72001-4321D-01,10.96.15.218,Version 15.5(3)S4b
TFN,H72001-2950D-01,10.96.19.93,Version 12.1(22)EA13
TFN,H73001-4321D-01,10.96.15.78,Version 15.5(3)S4b
TFN,H73001-2924D-01,10.96.15.77,Version 12.0(5.2)XU
TFN,H74401-4321D-01,10.96.15.110,Version 15.5(3)S4b
TFN,H74401-3550D-01,10.96.15.173,Version 12.2(46)SE
TFN,H74401-2960D-02,10.96.15.109,Version 12.2(55r)SE
TFN,H80101-4321D-01,10.96.11.46,Version 15.5(3)S4b
TFN,H80101-2924D-01,10.96.11.45,Version 12.0(5)WC11
TFN,H80606-4321D-01,10.96.3.126,Version 15.5(3)S4b
TFN,H80606-2960D-01,10.96.3.125,Version 12.2(35)SE5
TFN,H80702-4321D-01,10.96.7.14,Version 15.5(3)S4b
TFN,H80702-2924D-01,10.96.7.13,Version 12.0(5.2)XU
TFN,H80703-4321D-01,10.96.7.30,Version 15.5(3)S4b
TFN,H80703-2924D-01,10.96.7.29,Version 12.0(5.2)XU
TFN,H80705-4321D-01,10.96.7.46,Version 15.5(3)S4b
TFN,H80705-2924D-01,10.96.7.45,Version 12.0(5.3)WC(1)
TFN,H81102-4321D-01,10.96.5.46,Version 15.5(3)S4b
TFN,H81102-2924D-01,10.96.5.45,Version 12.0(5.3)WC(1)
TFN,H81201-4321D-01,10.96.13.14,Version 15.5(3)S4b
TFN,H81201-2924D-01,10.96.13.13,Version 12.0(5.2)XU
TFN,H81303-4321D-01,10.96.7.78,Version 15.5(3)S4b
TFN,H81303-2924D-01,10.96.7.77,Version 12.0(5.3)WC(1)
TFN,H81402-4321D-01,10.96.7.126,Version 15.5(3)S4b
TFN,H81402-2924D-01,10.96.7.125,Version 12.0(5.2)XU
TFN,H82001-4321D-01,10.96.13.78,Version 15.5(3)S4b
TFN,H82001-2924D-01,10.96.13.157,Version 12.0(5.2)XU
TFN,H82103-4321D-01,10.96.5.174,Version 15.5(3)S4b
TFN,H82103-2924D-01,10.96.5.173,Version 12.0(5.2)XU
TFN,H83006-4321D-01,10.96.25.14,Version 15.5(3)S4b
TFN,H83006-2960D-01,10.96.25.13,Version 12.2(55)SE7
TFN,H83010-43211D-01,10.96.25.78,Version 15.5(3)S4b
TFN,H84204-4321D-01,10.96.13.229,Version 15.5(3)S4b
TFN,H84204-2960D-01,10.96.13.109,Version 12.2(58)SE2
TFN,H84203-4321D-01,10.96.5.206,Version 15.5(3)S4b
TFN,H84203-2960D-01,10.96.5.205,Version 12.2(44)SE6
TFN,H89301-4321D-01,10.96.3.30,Version 15.5(3)S4b
TFN,H89301-2960D-01,10.96.3.29,Version 12.2(44)SE6
TFN,H90003-4321D-01,10.96.21.14,Version 15.5(3)S4b
TFN,H90003-2924D-01,10.96.21.13,Version 12.0(5.2)XU
TFN,TX94101-4321D-01,10.96.13.30,Version 15.5(3)S4b
TFN,H94101-2924D-01,10.96.13.29,Version 12.0(5.2)XU
TFN,H94601-1941D-01,10.96.13.245,Version 15.1(2)T5
TFN,H94601-2960D-01,10.96.13.189,Version 12.2(58)SE2
TFN,S60001-4321D-01,10.96.2.102,Version 15.5(3)S4b
TFN,S60001-4321D-02,10.96.2.106,Version 15.5(3)S4b
TFN,S60001-2924D-01,10.96.16.253,Version 12.0(5.2)XU
TFN,S60001-C2950-01,10.96.16.250,Version 12.1(22)EA4a
TFN,S60001-2950-03,10.96.16.240,Version 12.1(22)EA14
TFN,S90005-4321D-01,10.96.2.166,Version 15.5(3)S4b
TFN,S90005-4321D-02,10.96.2.170,Version 15.5(3)S4b
TFN,S90005-2924D-01,10.96.20.253,Version 12.0(5.2)XU
TFN,S90005-2924D-02,10.96.20.250,Version 12.0(5)XU
TFN,S90005-2960D-03,10.96.20.251,Version 12.2(55)SE7
TFN,S95001-4321D-01,10.96.2.174,Version 15.5(3)S4b
TFN,S95001-4321D-02,10.96.2.178,Version 15.5(3)S4b
TFN,S95001-2924D-01,10.96.8.253,Version 12.0(5.2)XU
TFN,S95001-2960D-01,10.96.8.252,Version 12.2(58)SE2
TFN,C80603-2960D-12,10.96.9.250,Version 12.2(55)SE7
TFN,C80603-3550D-13,10.96.9.251,Version 12.2(44)SE6
TFN,S70201-3662D-01,10.96.250.8,Version 12.2(46a)
TFN,Netflow-NHU2F-J07-01,10.32.9.242,Version 15.2(2r)E2
TFN,Netflow-NHU2F-J07-01,10.32.9.242,Version 15.2(2r)E2
TFN,H71005-2621D-01,10.96.15.253,Version 12.2(46a)
TFN,H71005-2950D-01,10.96.19.157,Version 12.1(22)EA4
TWM,DCN-MQN-C9500,172.18.55.254,Version 16.12.3a
TWM,DCN-MQN-C9500,172.18.55.254,Version 16.12.3a
TWM,DCN-MQN4F-4510,172.18.55.253,Version 03.06.00.E
TWM,DCN-MQN4F-4510,172.18.55.253,Version 03.06.00.E
TWM,DCN-MQN4F-101,172.18.55.250,Version 12.2(55)SE7
TWM,DCN-MQN4F-102,172.18.55.251,Version 12.2(55)SE7
TWM,DCN-MQN4F-103,172.18.55.248,Version 12.2(54)SG1
TWM,DCN-MQN4F-104,172.18.55.249,Version 12.2(54)SG1
TWM,DCN-NEO-9500,172.18.3.250,Version 16.12.3a
TWM,DCN-NEO-9500,172.18.3.250,Version 16.12.3a
TWM,DCN-NEO8F-4510,172.18.3.241,Version 03.10.01.E R
TWM,DCN-NEO8F-4510,172.18.3.241,Version 03.10.01.E R
TWM,NOC1-2960D-01,10.32.2.250,Version 12.2(58)SE2
TWM,NOC1-3550D-01,10.32.2.247,Version 12.2(44)SE6
TWM,DCN-NEO1F-101,172.18.2.249,Version 12.1(9)EA1
TWM,DCN-NEO1F-102,172.18.2.248,Version 12.2(58)SE2
TWM,DCN-NEO3F-S02,172.18.28.250,Version 12.2(58)SE2
TWM,DCN-NEO3F-S03,172.18.28.248,Version 12.2(58)SE2
TWM,DCN-NEO3F-S04,172.18.28.251,Version 12.2(58)SE2
TWM,DCN-NEO3F-S05,172.18.28.252,Version 12.2(58)SE2
TWM,DCN-NEO3F-101,172.18.162.222,Version 12.2(58)SE2
TWM,DCN-NEO3F-101,172.18.162.222,Version 12.2(58)SE2
TWM,DCN-NEO3F-102,172.18.28.246,Version 12.2(58)SE2
TWM,DCN-NEO3F-103,172.18.28.247,Version 12.2(58)SE2
TWM,DCN-NEO5F-101,172.18.29.249,Version 12.2(25)SEB4
TWM,DCN-NEO5F-102,10.32.8.249,Version 12.2(35)SE5
TWM,DCN-NEO-7F-101,172.18.4.249,Version 12.0(5.3)WC(1)
TWM,DCN-NEO8F-A01-1,10.32.9.192,Version 15.0(2a)EX5
TWM,DCN-NEO8F-A01-1,10.32.9.192,Version 15.0(2a)EX5
TWM,DCN-NEO8F-101,172.18.30.250,Version 12.2(55)SE3
TWM,DCN-NEO8F-102,172.18.162.223,Version 12.2(55)SE9
TWM,DCN-NEO8F-102,172.18.162.223,Version 12.2(55)SE9
TWM,DCN-NEO8F-103,172.18.16.250,Version 12.2(58)SE2
TWM,DCN-NEO8F-104,172.18.30.251,Version 12.2(55)SE7
TWM,DCN-NEO8F-105,172.18.30.249,Version 12.2(35)SE5
TWM,DCN-NEO8F-106,172.18.30.248,Version 12.2(37)EY
TWM,DCN-NEO8F-7206-NTP,10.128.129.247,Version 12.0(7)
TWM,DCN-NHU-ASR903-01,172.18.0.128,Version 15.6(2)SP6
TWM,DCN-NHU-ASR903-02,172.18.0.129,Version 15.6(2)SP6
TWM,DCN-NHU2F-6509,10.32.250.5,Version 15.5(1)SY5
TWM,DCN-NHU2F-6509,10.32.250.5,Version 15.5(1)SY5
TWM,DCN-NHU-B02-01,172.18.3.15,Version 12.1(11)EA1
TWM,DCN-NHU-B15-01,172.18.2.187,Version 12.2(35)SE5
TWM,DCN-NHU-C05-01,172.18.1.165,Version 12.2(35)SE5
TWM,DCN-NHU-C05-02,172.18.1.163,Version 12.2(35)SE5
TWM,DCN-NHU-C06-01,172.18.1.164,Version 12.2(35)SE5
TWM,DCN-NHU-C06-02,172.18.1.157,Version 12.2(58)SE2
TWM,DCN-NHU-D02-01,172.18.94.1,Version 12.2(50)SE5
TWM,DCN-NHU-D02-01,172.18.94.1,Version 12.2(50)SE5
TWM,DCN-NHU-D03-01,172.18.92.1,Version 12.2(50)SE5
TWM,DCN-NHU-D03-01,172.18.92.1,Version 12.2(50)SE5
TWM,DCN-NHU-D05-01,172.18.92.2,Version 12.2(58)SE2
TWM,DCN-NHU-D05-01,172.18.92.2,Version 12.2(58)SE2
TWM,DCN-NHU-E01-01,172.18.1.247,Version 12.2(35)SE5
TWM,DCN-NHU-E01-02,172.18.60.242,Version 12.2(53)SE2
TWM,DCN-NHU-F03-01,172.18.9.95,Version 12.2(50)SE5
TWM,DCN-NHU-F03-02,172.18.3.230 ,Version 12.2(53)SE2
TWM,DCN-NHU-F04-01,172.27.21.21,Version 12.2(44)SE6
TWM,DCN-NHU-F05-01,172.27.21.226,Version 12.2(55r)SE
TWM,DCN-NHU-F05-01,172.27.21.226,Version 12.2(55r)SE
TWM,DCN-NHU-F06-01,172.18.107.11,Version 12.2(55)SE2
TWM,DCN-NHU-F06-01,172.18.107.11,Version 12.2(55)SE2
TWM,DCN-NHU-F09-02,172.18.2.184,Version 12.2(44)SE6
TWM,DCN-NHU-F09-01,172.18.2.185,Version 12.2(35)SE5
TWM,DCN-NHU2F-F12-1,172.18.8.66,Version 12.2(55)SE3
TWM,DCN-NHU-G10-01,172.18.2.188,Version 12.2(44)SE6
TWM,DCN-NHU-H03-01,10.32.1.241,Version 15.0(2)SE8
TWM,DCN-NHU-H04-01,10.32.9.127,Version 12.2(35)SE5
TWM,DCN-NHU-H05-02,10.32.9.245,Version 12.2(55)SE3
TWM,DCN-NHU-H06-01,172.18.2.180,Version 12.2(35)SE5
TWM,DCN-NHU-H06-02,172.18.2.181,Version 12.2(35)SE5
TWM,DCN-NHU-H06-03,172.18.2.182,Version 12.2(35)SE5
TWM,DCN-NHU-H06-04,172.18.2.186,Version 12.2(44)SE6
TWM,DCN-NHU-H06-05,172.18.2.189,Version 12.2(35)SE5
TWM,DCN-NHU-H06-06,172.18.2.190,Version 12.2(35)SE5
TWM,DCN-NHU2F-G07-1,172.18.9.235,Version 12.2(44)SE6
TWM,DCN-NHU2F-Media,10.35.255.41,Version 12.4(23b)
TWM,DCN-NHU2F-NTP-01,172.18.252.244,Version 15.1(2)T5
TWM,DCN-NHU2F-NTP-02,172.18.252.245,Version 15.1(2)T5
TWM,DCN-NHU2F-I02-01,10.32.10.205,Version 12.2(55)SE7
TWM,DCN-NHU2F-I02-02,10.32.10.204,Version 12.2(55)SE7
TWM,DCN-NHU2F-I05-02,172.18.9.146,Version 12.2(50)SE4
TWM,DCN-NHU2F-I06-01,172.18.8.32,Version 12.2(53)SE2
TWM,DCN-NHU2F-I06-02,10.32.9.244,Version 12.2(53)SE2
TWM,DCN-NHU2F-I06-03,10.32.1.161,Version 12.2(55)SE8
TWM,DCN-NHU2F-I08-01,172.18.1.166,Version 12.2(35)SE5
TWM,DCN-NHU2F-I08-01,172.18.1.166,Version 12.2(35)SE5
TWM,DCN-NHU2F-I08-02,172.18.1.160,Version 12.2(55)SE10
TWM,DCN-NHU2F-I08-03,172.18.1.80,Version 12.2(35)SE5
TWM,DCN-NHU2F-I14-01,172.18.89.250,Version 12.2(53)SE2
TWM,DCN-NHU2F-I09-01,172.18.1.158,Version 12.2(35)SE5
TWM,DCN-NHU2F-I09-02,172.18.1.161,Version 12.2(35)SE5
TWM,DCN-NHU2F-I09-03,172.18.1.162,Version 12.2(35)SE5
TWM,DCN-NHU2F-I09-04,172.18.1.243,Version 12.2(44)SE6
TWM,DCN-NHU2F-J02-01,10.32.1.108,Version 12.2(55)SE5
TWM,DCN-NHU2F-J02-02,10.32.1.113,Version 12.2(44)SE6
TWM,DCN-NHU2F-J02-03,172.27.21.181,Version 12.2(55r)SE
TWM,DCN-NHU2F-J02-03,172.27.21.181,Version 12.2(55r)SE
TWM,DCN-NHU2F-J05-01,10.32.1.15,Version 12.2(44)SE6
TWM,DCN-NHU2F-J05-02,10.32.1.236,Version 12.2(44)SE6
TWM,DCN-NHU2F-J05-03,10.32.1.237,Version 12.2(44)SE6
TWM,DCN-NHU2F-OAFW-01,172.18.3.217,Version 12.2(55)SE3
TWM,DCN-NHU2F-OAFW-02,172.18.3.218,Version 12.2(58)SE2
TWM,NHU2F-EXMS-C3560-01,10.32.9.95,Version 15.0(2)SE6
TWM,DMZ-NHU-H06-01,172.18.2.183,Version 12.2(35)SE5
TWM,DCN-DMZ2-2F-103,10.128.129.243,Version 12.2(55)SE7
TWM,DCN-DMZ2-2F-103,10.128.129.243,Version 12.2(55)SE7
TWM,DCN-DMZ2F-103,172.18.60.74,Version 12.2(58)SE2
TWM,DCN-DMZ2F-104,172.18.60.75,Version 12.2(58)SE2
TWM,DCN-DMZ2F-105,172.18.60.254,Version 12.2(50)SE5
TWM,DCN-DMZ2F-105,172.18.60.254,Version 12.2(50)SE5
TWM,DCN-DMZ2F-106,172.18.7.193,Version 12.2(44)SE6
TWM,DCN-DMZ2F-109,172.18.7.83,Version 12.2(53)SE2
TWM,DCN-DMZ2F-110,172.18.7.78,Version 12.2(35)SE5
TWM,DCN-DMZ2F-111,172.18.7.9,Version 12.2(35)SE5
TWM,DCN-DMZ2F-112,172.18.60.38,Version 12.2(44)SE6
TWM,DCN-DMZ5F-101,10.128.1.249,Version 12.2(35)SE5
TWM,DCN-DMZ8F-101,172.18.60.239,Version 12.2(35)SE5
TWM,DCN-DMZ2-8F-101,10.128.129.244,Version 12.2(55)SE7
TWM,gcsw1-temp,172.18.97.1,Version 15.0(1)SE1
TWM,gcsw2-temp,172.18.97.2,Version 12.2(35)SE5
TWM,wrc4sw1,172.18.90.1,Version 12.2(35)SE5
TWM,wrc4sw2,172.18.90.2,Version 12.2(35)SE5
TWM,wrc4bldsw1,172.18.90.83,Version 15.0(2)SE1
TWM,wrc4bldsw2,172.18.90.84,Version 15.0(2)SE1
TWM,C11401-7206S-01,10.32.1.249,Version 12.1(1)E3
TWM,DCN-JHO-ASR903-01,172.18.0.130,Version 15.6(2)SP6
TWM,DCN-JHO-ASR903-02,172.18.0.131,Version 15.6(2)SP6
TWM,DCN-JHO-6509,172.18.0.13,Version 15.5(1)SY5
TWM,DCN-JHO-6509,172.18.0.13,Version 15.5(1)SY5
TWM,DCN-JHO6F-NTP-01,172.18.252.228,Version 15.1(2)T5
TWM,DCN-JHO6F-NTP-02,172.18.252.229,Version 15.1(2)T5
TWM,DCN-JHO6F-2960S-01,172.18.12.235, Version 15.2(2)E9
TWM,DCN-JHO6F-2960S-02,172.18.12.242,Version 15.2(2)E9
TWM,DCN-JHO8F-2960XS-01,172.18.12.234,Version 15.2(7)E1
TWM,DCN-JHO8F-2960XS-01,172.18.12.234,Version 15.2(7)E1
TWM,DCN-JHO8F-3750,172.18.161.222,Version 12.2(44)SE6
TWM,DCN-JHO8F-3750,172.18.161.222,Version 12.2(44)SE6
TWM,CHO-SRRINEMU-SW2,172.18.113.219,Version 12.1(19)EA1c
TWM,DCN-JHO9F-3750-2,172.18.161.223,Version 12.2(58)SE2
TWM,DCN-JHO9F-3750-2,172.18.161.223,Version 12.2(58)SE2
TWM,DCN-JHO9F-2960S-01,172.18.12.88,Version 15.2(2)E9
TWM,DCN-JHO9F-2960S-02,172.18.12.196,Version 15.2(2)E9
TWM,DCN-JHO9F-2960S-03,172.18.12.222,Version 15.2(2)E9
TWM,DCN-JHO9F-2960S-04,172.18.12.223,Version 15.2(2)E9
TWM,DCN-JHO9F-2960XS-01,172.18.12.58,Version 15.2(7)E1
TWM,DCN-JHO9F-2960XS-01,172.18.12.58,Version 15.2(7)E1
TWM,DCN-JHO9F-2960XS-02,172.18.12.88,Version 15.2(2)E9
TWM,DCN-JHO10F-2960XS-01,172.18.12.54,Version 15.2(7)E1
TWM,DCN-JHO10F-2960XS-01,172.18.12.54,Version 15.2(7)E1
TWM,DCN-JHO-N2950-1,172.18.113.250,Version 12.1(14)EA1
TWM,DCN-JHO-N2950-2,172.18.113.251,Version 12.1(22)EA9
TWM,DCN-JHO-101,172.18.12.249,Version 12.1(22)EA1
TWM,DCN-JHO-102,172.18.12.248,Version 12.1(20)EA1a
TWM,DCN-JHO-103-10F,172.18.12.247,Version 12.1(20)EA1a
TWM,DCN-JHO-104-8F,172.18.12.245,Version 12.1(20)EA1a
TWM,DCN-JHO10F-105,172.18.19.252,Version 12.2(55)SE7
TWM,DCN-JHO-106-6F,172.18.12.246,Version 12.1(22)EA1
TWM,DCN-JHO-108,172.18.12.244,Version 12.2(55)SE7
TWM,jho_VMS_SW1-tmp,172.18.12.27,Version 12.1(20)EA1a
TWM,A23504-2960D-07,N/A,Version 12.2(53)SE2
TWM,BR8-HUA-001,172.18.0.67,Version 15.5(3)S4b
TWM,BR8-HUA-002,172.18.0.68,Version 15.5(3)S4b
TWM,DCN-HUA-101,172.18.14.249,Version 12.1(22)EA4a
TWM,BR8-ILA-001,172.18.0.65,Version 15.5(3)S4b
TWM,BR8-ILA-002,172.18.0.66,Version 15.5(3)S4b
TWM,DCN-ILA-101,172.18.13.249,Version 12.1(22)EA13
TWM,DCN-TCH-ASR903-01,172.18.0.132,Version 15.6(2)SP6
TWM,DCN-TCH-ASR903-02,172.18.0.133,Version 15.6(2)SP6
TWM,DCN-TCH-6509,172.18.0.40,Version 15.5(1)SY5
TWM,DCN-TCH-6509,172.18.0.40,Version 15.5(1)SY5
TWM,DCN-TCH-103,172.18.31.251,Version 12.2(35)SE5
TWM,DCN-TCH-104,172.18.163.222,Version 12.2(58)SE2
TWM,DCN-TCH-104,172.18.163.222,Version 12.2(58)SE2
TWM,DCN-TCH-105,172.18.36.250,Version 12.2(37)EY
TWM,DCN-TCH-106,172.18.36.244,Version 12.2(44)SE6
TWM,tch_vms_sw1-tmp,172.18.31.27,Version 12.1(22)EA1a
TWM,TCH-NEMU-SW1-temp,172.18.132.218,Version 12.1(19)EA1c
TWM,TCH-NEMU-SW2-temp,172.18.132.219,Version 12.1(19)EA1c
TWM,BR8-TOU-001,172.18.0.79,Version 15.5(3)S4b
TWM,BR8-TOU-002,172.18.0.80,Version 15.5(3)S4b
TWM,DCN-TOU-101,172.18.35.249,Version 12.0(5)WC14
TWM,BR8-MLI-001,172.18.0.75,Version 15.5(3)S4b
TWM,BR8-MLI-002,172.18.0.76,Version 15.5(3)S4b
TWM,DCN-MLI-101,172.18.33.249,Version 12.0(5)WC14
TWM,BR8-NCS-001,172.18.0.77,Version 15.5(3)S4b
TWM,BR8-NCS-002,172.18.0.78,Version 15.5(3)S4b
TWM,DCN-NCS-101,172.18.34.249,Version 12.0(5)WC14
TWM,DCN-CJN-ASR903-01,172.18.0.134,Version 15.6(2)SP6
TWM,DCN-CJN-ASR903-02,172.18.0.135,Version 15.6(2)SP6
TWM,DCN-CJN-6509,172.18.0.23,Version 15.5(1)SY5
TWM,DCN-CJN-6509,172.18.0.23,Version 15.5(1)SY5
TWM,DCN-CJN4F-2960S-01,172.18.43.250,Version 15.2(2)E9
TWM,DCN-CJN4F-2960S-02,172.18.43.251,Version 15.2(2)E9
TWM,DCN-CJN-101,172.18.43.249,Version 12.1(22)EA3
TWM,DCN-CJN-102,172.18.43.201,Version 12.1(22)EA3
TWM,DCN-CJN-103,172.18.43.200,Version 12.1(22)EA4
TWM,DCN-CJN-104,172.18.43.245,Version 12.1(22)EA6
TWM,DCN-CJN-105,172.18.43.244,Version 12.1(22)EA6
TWM,DCN-CJN-106,172.18.142.141,Version 12.1(22)EA4
TWM,DCN-CJN-107,172.18.191.248,Version 12.2(58)SE2
TWM,DCN-CJN-108,172.18.191.249,Version 12.1(13)EA1c
TWM,DCN-CJN-109,172.18.43.247,Version 12.1(19)EA1c
TWM,DCN-CJN-110,172.18.164.222,Version 12.2(58)SE2
TWM,DCN-CJN-110,172.18.164.222,Version 12.2(58)SE2
TWM,DCN-CJN-111,172.18.43.243,Version 12.1(22)EA3
TWM,DCN-CJN-112,172.18.49.252,Version 12.2(55)SE7
TWM,A80603-3524D-01,10.96.12.249,Version 12.0(5.2)XU
TWM,DCN-TAN-101,172.18.42.249,Version 12.2(25)SEB4
TWM,DCN-TAN-102,172.18.42.248,Version 12.1(22)EA4a
TWM,DCN-TAN-103,172.18.42.27,Version 12.1(20)EA1a
TWM,TAN_VMS_SW2-tmp,172.18.42.28,Version 12.2(25)SEB1
TWM,TANSW2-DCN-tmp,172.18.42.243,Version 12.1(22)EA1
TWM,DCN-TAN-001,172.18.0.27,Version 15.5(3)S4b
TWM,DCN-TAN-002,172.18.0.28,Version 15.5(3)S4b
TWM,BR8-CYI-001,172.18.0.85,Version 15.5(3)S4b
TWM,BR8-CYI-002,172.18.0.86,Version 15.5(3)S4b
TWM,BR8-CYI-101,172.18.194.249,Version 12.2(55)SE7
TWM,BR8-CYI-102,172.18.194.248,Version 12.2(55)SE7
TWM,DCN-CYI-101,172.18.44.249,Version 12.0(5)WC14
TWM,BR8-TAT-001,172.18.0.89,Version 15.5(3)S4b
TWM,BR8-TAT-002,172.18.0.90,Version 15.5(3)S4b
TWM,BR8-TAT-101,172.18.196.249,Version 12.1(22)EA4
TWM,BR8-TAT-102,172.18.196.248,NA
TWM,DCN-TAT-101,172.18.46.249,Version 12.0(5)WC14
TWM,DCN-PHU-001,172.18.0.87,Version 15.5(3)S4b
TWM,DCN-PHU-002,172.18.0.88,Version 15.5(3)S4b
TWM,DCN-PHU-101,172.18.45.249,Version 12.0(5)WC14
TWM,DCN-PHU-102,172.18.45.248,Version 12.0(5)WC17
TWM,DCN-PHU-103,172.18.45.29,Version 12.1(22)EA1
TWM,BR8-PIN-001,172.18.0.91,Version 15.5(3)S4b
TWM,BR8-PIN-002,172.18.0.92,Version 15.5(3)S4b
TWM,DCN-PIN-101,172.18.47.249,Version 12.2(58)SE2
TWM,DCN-PIN-102,172.18.197.249,Version 12.1(22)EA4
TWM,DCN-PIN-103,172.18.197.248,Version 12.1(22)EA9
TWM,NetFlow-3,10.32.1.242,Version 15.2(6)E2
TWM,NetFlow-3,10.32.1.242,Version 15.2(6r)E
TWM,DCN-NHU-L4_TH1,172.18.2.161,"version 4.1.1-P8, build 114"
TWM,DCN-NHU-L4_TH2,172.18.2.162,"version 4.1.1-P8, build 114"
TWM,DCN-NHU-L4_C3850,172.18.2.163,Version 16.3.7
TWM,DCN-NHU-L4_C3850,172.18.2.163,Version 16.3.7
TWM,DCN-ACS-A,172.18.3.244,3.0.4.070
TWM,DCN-ACS-B,172.18.3.245,3.0.4.070
TWM,NetQoS3rd_Switch2960xStack,172.18.30.73,Version 15.2(3r)E1
TWM,NetQoS3rd_Switch2960xStack,172.18.30.73,Version 15.2(3r)E1
